[
  {
    "type": "MOD_INFO",
    "ident": "No_Vitamins",
    "name": "No Vitamins",
    "authors": [ "mugling" ],
    "description": "Disables vitamin tracking, supplements, and related disorders.",
    "category": "rebalance",
    "dependencies": [ "dda" ],
    "obsolete": false
  },
  {
    "type": "EXTERNAL_OPTION",
    "name": "NO_VITAMINS",
    "stype": "bool",
    "value": true
  },
  {
    "type": "ITEM_BLACKLIST",
	"whitelist": false,
    "items": 
	[
	"calcium_tablet",
	"vitamins"
	]
  }
]
