[
  {
    "type": "MOD_INFO",
    "ident": "No_Anthills",
    "name": "No Anthills",
    "authors": [ "Inglonias" ],
    "description": "Removes ants and anthills from the game",
    "category": "monster_exclude",
    "dependencies": [ "dda" ],
    "obsolete": false
  },
  {
    "type": "MONSTER_BLACKLIST",
    "categories": [ "GROUP_ANT", "GROUP_ANT_ACID" ]
  },
  {
    "type": "MONSTER_BLACKLIST",
    "monsters":
	[
	"mon_ant",
	"mon_ant_acid",
	"mon_ant_acid_larva",
	"mon_ant_acid_queen",
	"mon_ant_acid_small",
	"mon_ant_acid_soldier",
	"mon_ant_fungus",
	"mon_ant_larva",
	"mon_ant_queen",
	"mon_ant_small",
	"mon_ant_soldier",
	"mon_ant_soldier_mega"
    ]
  },
  {
    "type": "region_overlay",
    "regions": [ "all" ],
    "overmap_feature_flag_settings": { "blacklist": [ "ANT" ] }
  }
]
