[
  {
    "type": "MOD_INFO",
    "ident": "No_Triffids",
    "name": "No Triffids",
    "authors": [ "Williham Totland" ],
    "description": "Removes triffids from the game.",
    "category": "monster_exclude",
    "dependencies": [ "dda" ],
    "obsolete": false
  },
  {
    "type": "MONSTER_BLACKLIST",
    "categories": [ "GROUP_TRIFFID" ]
  },
  {
    "type": "MONSTER_BLACKLIST",
    "monsters":
	[
	"mon_biollante",
	"mon_biollante_sprig",
	"mon_biollante_sprout",
	"mon_creeper_hub",
	"mon_creeper_vine",
	"mon_fungal_fighter",
	"mon_triffid",
	"mon_triffid_flower",
	"mon_triffid_heart",
	"mon_triffid_queen",
	"mon_triffid_sprig",
	"mon_triffid_young",
	"mon_vinebeast"	]
  },
  {
    "type": "region_overlay",
    "regions": [ "all" ],
    "overmap_feature_flag_settings": { "blacklist": [ "TRIFFID" ] }
  }
]